,model_type,clf,parameters,auc-roc,accuracy,precision,recall,runtime,confusion_matrix,y_pred_probs
0,MNB,"MultinomialNB(alpha=0.5, class_prior=None, fit_prior=True)",{'alpha': 0.5},,0.4762672284691728,[0.48152467 0.43511797 0.4422704  0.60185185],[0.92962067 0.10251203 0.12797756 0.01314991],0.05403852462768555,"[[33035  1145  1343    13]
 [15536  1918  1244    12]
 [16182   896  2509    18]
 [ 3852   449   577    65]]","[[0.6227973  0.17488    0.18780191 0.01452079]
 [0.35565255 0.18344099 0.40864225 0.05226421]
 [0.61795585 0.22564004 0.13313337 0.02327074]
 ...
 [0.41924936 0.29078058 0.26103952 0.02893054]
 [0.62634048 0.1472544  0.21527201 0.01113312]
 [0.19759252 0.34231048 0.45062941 0.0094676 ]]"
1,LR,"LogisticRegression(C=1, class_weight=None, dual=False, fit_intercept=True,
          intercept_scaling=1, max_iter=100, multi_class='ovr', n_jobs=1,
          penalty='l2', random_state=None, solver='liblinear', tol=0.0001,
          verbose=0, warm_start=False)","{'C': 1, 'penalty': 'l1'}",,0.47600071071401373,[0.49165552 0.41502215 0.39187902 0.45563549],[0.89948222 0.110155   0.16786534 0.0384382 ],3.403418779373169,"[[31964  1287  2219    66]
 [14478  2061  2092    79]
 [15105  1127  3291    82]
 [ 3466   491   796   190]]","[[0.58730196 0.18017617 0.20071615 0.03180571]
 [0.26503336 0.18415671 0.47969546 0.07111446]
 [0.68675016 0.21633472 0.06695418 0.02996093]
 ...
 [0.46840109 0.2357454  0.24459211 0.0512614 ]
 [0.5743844  0.1350278  0.2530429  0.0375449 ]
 [0.07864735 0.30729071 0.53830831 0.07575363]]"
2,LR,"LogisticRegression(C=1, class_weight=None, dual=False, fit_intercept=True,
          intercept_scaling=1, max_iter=100, multi_class='ovr', n_jobs=1,
          penalty='l2', random_state=None, solver='liblinear', tol=0.0001,
          verbose=0, warm_start=False)","{'C': 1, 'penalty': 'l2'}",,0.47655912886768026,[0.49756237 0.40084732 0.38775299 0.50724638],[0.8788271  0.13148049 0.19153277 0.02124216],9.454719066619873,"[[31230  1652  2621    33]
 [13833  2460  2382    35]
 [14385  1431  3755    34]
 [ 3318   594   926   105]]","[[0.59462188 0.17328845 0.19998753 0.03210214]
 [0.23892555 0.163512   0.5079932  0.08956925]
 [0.64759205 0.23423358 0.08743939 0.03073498]
 ...
 [0.41036825 0.29239318 0.26044373 0.03679484]
 [0.60448048 0.13041358 0.23264441 0.03246154]
 [0.11808799 0.32013401 0.49563933 0.06613867]]"
