,model_type,clf,parameters,auc-roc,accuracy,precision,recall,runtime,confusion_matrix,y_pred_probs
0,MNB,"MultinomialNB(alpha=0.5, class_prior=None, fit_prior=True)",{'alpha': 0.5},0.6514205655181408,0.7056082863248686,0.6353641777370591,0.08733157033119254,0.02001333236694336,"[[35263   796]
 [14495  1387]]",[0.22021773 0.32825488 0.6227637  ... 0.35052333 0.08417139 0.35347042]
1,LR,"LogisticRegression(C=1, class_weight=None, dual=False, fit_intercept=True,
          intercept_scaling=1, max_iter=100, multi_class='ovr', n_jobs=1,
          penalty='l2', random_state=None, solver='liblinear', tol=0.0001,
          verbose=0, warm_start=False)","{'C': 1, 'penalty': 'l1'}",0.6358225316685737,0.7040680772414856,0.6077604386334879,0.09073164588842715,0.4032866954803467,"[[35129   930]
 [14441  1441]]",[0.29074417 0.35053644 0.61869983 ... 0.16626271 0.12571033 0.44585742]
2,LR,"LogisticRegression(C=1, class_weight=None, dual=False, fit_intercept=True,
          intercept_scaling=1, max_iter=100, multi_class='ovr', n_jobs=1,
          penalty='l2', random_state=None, solver='liblinear', tol=0.0001,
          verbose=0, warm_start=False)","{'C': 1, 'penalty': 'l2'}",0.6479329520534668,0.705165476213396,0.6105919003115264,0.09872811988414558,1.3519420623779297,"[[35059  1000]
 [14314  1568]]",[0.32316611 0.35984043 0.5904389  ... 0.20186659 0.09023222 0.44378584]
