,model_type,clf,parameters,auc-roc,accuracy,precision,recall,runtime,confusion_matrix,y_pred_probs
0,MNB,"MultinomialNB(alpha=0.5, class_prior=None, fit_prior=True)",{'alpha': 0.5},0.6013055945729486,0.6651970504996053,0.4210471204188482,0.25317970028963604,0.04196429252624512,"[[30530  5529]
 [11861  4021]]",[0.26538804 0.10925192 0.69444105 ... 0.66936098 0.07753792 0.72460279]
1,LR,"LogisticRegression(C=1, class_weight=None, dual=False, fit_intercept=True,
          intercept_scaling=1, max_iter=100, multi_class='ovr', n_jobs=1,
          penalty='l2', random_state=None, solver='liblinear', tol=0.0001,
          verbose=0, warm_start=False)","{'C': 1, 'penalty': 'l1'}",0.6434829995820524,0.7043568664446198,0.6026541764246682,0.09721697519204131,24.29224944114685,"[[35041  1018]
 [14338  1544]]",[0.29615522 0.34915671 0.59540998 ... 0.22312498 0.10258144 0.56176252]
2,LR,"LogisticRegression(C=1, class_weight=None, dual=False, fit_intercept=True,
          intercept_scaling=1, max_iter=100, multi_class='ovr', n_jobs=1,
          penalty='l2', random_state=None, solver='liblinear', tol=0.0001,
          verbose=0, warm_start=False)","{'C': 1, 'penalty': 'l2'}",0.6542960815324703,0.7045301399665005,0.5952296190815237,0.10527641354993074,6.790509462356567,"[[34922  1137]
 [14210  1672]]",[0.32845192 0.35826613 0.55784695 ... 0.25678653 0.07414156 0.5597923 ]
