,model_type,clf,parameters,auc-roc,accuracy,precision,recall,runtime,confusion_matrix,y_pred_probs
0,MNB,"MultinomialNB(alpha=0.5, class_prior=None, fit_prior=True)",{'alpha': 0.5},0.5905992599076081,0.6454053637781328,0.3777006172839506,0.2465684422616799,1.2779250144958496,"[[29607  6452]
 [11966  3916]]",[0.23058248 0.08653294 0.63369521 ... 0.85487132 0.06734985 0.88059943]
1,LR,"LogisticRegression(C=1, class_weight=None, dual=False, fit_intercept=True,
          intercept_scaling=1, max_iter=100, multi_class='ovr', n_jobs=1,
          penalty='l2', random_state=None, solver='liblinear', tol=0.0001,
          verbose=0, warm_start=False)","{'C': 1, 'penalty': 'l1'}",0.6429760866140413,0.7033557305404209,0.5907350689127105,0.0971540108298703,56.23096990585327,"[[34990  1069]
 [14339  1543]]",[0.30349845 0.35019414 0.65229323 ... 0.20309328 0.10786575 0.5165612 ]
2,LR,"LogisticRegression(C=1, class_weight=None, dual=False, fit_intercept=True,
          intercept_scaling=1, max_iter=100, multi_class='ovr', n_jobs=1,
          penalty='l2', random_state=None, solver='liblinear', tol=0.0001,
          verbose=0, warm_start=False)","{'C': 1, 'penalty': 'l2'}",0.6537188668870593,0.7039910667873164,0.5879292403746098,0.106724593879864,8.621783256530762,"[[34871  1188]
 [14187  1695]]",[0.327325   0.35961127 0.61704849 ... 0.24536577 0.07950925 0.52578408]
