,model_type,clf,parameters,auc-roc,accuracy,precision,recall,runtime,confusion_matrix,y_pred_probs
0,MNB,"MultinomialNB(alpha=1.5, class_prior=None, fit_prior=True)",{'alpha': 1.0},0.6416119983775193,0.7097719282430361,0.6559237403540626,0.0546458419997731,0.06204414367675781,"[[61543   758]
 [24998  1445]]",[0.102619   0.20791591 0.260039   ... 0.18918271 0.21914753 0.42483174]
1,MNB,"MultinomialNB(alpha=1.5, class_prior=None, fit_prior=True)",{'alpha': 0.5},0.6495564476089282,0.7108424231497341,0.6234996841440303,0.07465113640661045,0.05604076385498047,"[[61109  1192]
 [24469  1974]]",[0.09179519 0.21736936 0.27772851 ... 0.1712551  0.19423612 0.48052497]
2,MNB,"MultinomialNB(alpha=1.5, class_prior=None, fit_prior=True)",{'alpha': 1.5},0.6333629605332591,0.7084084557829262,0.6804846938775511,0.0403509435389328,0.05203509330749512,"[[61800   501]
 [25376  1067]]",[0.10512641 0.20028445 0.24572215 ... 0.20053091 0.22355964 0.38025461]
